restaurant,name,price
Nick The Greek - Davis,Chicken Gyro Pita,$14.95
Nick The Greek - Davis,Beef/Lamb Gyro Pita,$14.95
Nick The Greek - Davis,Falafel Pita,$14.95
Nick The Greek - Davis,Beef/Lamb Gyro Pita,$14.95
Nick The Greek - Davis,Beef/Lamb Gyro Pita Combo,$19.75
Nick The Greek - Davis,Beefteki Pita,$14.95
Nick The Greek - Davis,Beefteki Pita Combo,$19.75
Nick The Greek - Davis,Chicken Gyro Pita,$14.95
Nick The Greek - Davis,Chicken Gyro Pita Combo,$19.75
Nick The Greek - Davis,Chicken Souvlaki Pita,$14.95
Nick The Greek - Davis,Chicken Souvlaki Pita Combo,$19.75
Nick The Greek - Davis,Falafel Pita Combo,$19.75
Nick The Greek - Davis,Falafel Pita,$14.95
Nick The Greek - Davis,Pork Gyro Pita,$14.95
Nick The Greek - Davis,Pork Gyro Pita Combo,$19.75
Nick The Greek - Davis,Pork Souvlaki Pita,$14.95
Nick The Greek - Davis,Pork Souvlaki Pita Combo,$19.75
Nick The Greek - Davis,Veggie Pita,$14.95
Nick The Greek - Davis,Veggie Pita Combo,$19.75
Nick The Greek - Davis,Burger,$14.95
Nick The Greek - Davis,Burger Combo,$19.75
Nick The Greek - Davis,Mediterranean Steak Bowl,$17.75
Nick The Greek - Davis,Gyro Bowl,$15.75
Nick The Greek - Davis,Gyro Plate,$19.95
Nick The Greek - Davis,Kids Plate,$10.95
Nick The Greek - Davis,Souvlaki Plate,$19.95
Nick The Greek - Davis,Greek Salad,$13.50
Nick The Greek - Davis,Soup,$7.50
Nick The Greek - Davis,Side Greek Salad,$6.50
Nick The Greek - Davis,Gyro Salad,$14.50
Nick The Greek - Davis,Prasini Salad,$11.50
Nick The Greek - Davis,Side Salad,$5.25
Nick The Greek - Davis,Nicks Fries,$14.95
Nick The Greek - Davis,Fries,$5.00
Nick The Greek - Davis,Greek Fries,$10.50
Nick The Greek - Davis,Froyo,$7.25
Nick The Greek - Davis,Baklava,$4.95
Nick The Greek - Davis,Loukoumades,$8.50
Nick The Greek - Davis,Froyo w/Chocolate Shell,$8.25
Nick The Greek - Davis,Iced Tea,$2.95
Nick The Greek - Davis,Pepsi,$3.50
Nick The Greek - Davis,Dr. Pepper,$3.50
Nick The Greek - Davis,Crush Orange,$3.50
Nick The Greek - Davis,Starry,$3.50
Nick The Greek - Davis,Aquafina,$3.00
Nick The Greek - Davis,Side Sauce,Priced by add-ons
Nick The Greek - Davis,Side Rice,$4.75
Nick The Greek - Davis,Scoop Hummus,$5.95
Nick The Greek - Davis,Side Skewer,$6.75
Nick The Greek - Davis,Pita Bread,$3.75
Nick The Greek - Davis,Hummus with Pita,$9.50
Nick The Greek - Davis,Side Gyro or Falafel,$6.95
Jack in the Box (337 G St.),Big Smashed Jack™ Combo,$15.61
Jack in the Box (337 G St.),Big Smashed Jack™,$13.74
Jack in the Box (337 G St.),18pc Classic Crispy Boneless Wings,$21.24
Jack in the Box (337 G St.),12pc Smoke Show Smoky BBQ Crispy Boneless Wings Combo,$15.61
Jack in the Box (337 G St.),12pc Smoke Show Smoky BBQ Crispy Boneless Wings,$14.99
Jack in the Box (337 G St.),12pc Honey Garlic Sriracha Crispy Boneless Wings Combo,$15.61
Jack in the Box (337 G St.),12pc Classic Crispy Boneless Wings Combo,$15.61
Jack in the Box (337 G St.),12pc Classic Crispy Boneless Wings,$14.99
Jack in the Box (337 G St.),6pc Smoke Show Smoky BBQ Crispy Boneless Wings Combo,$9.36
Jack in the Box (337 G St.),6pc Smoke Show Smoky BBQ Crispy Boneless Wings,$8.74
Jack in the Box (337 G St.),6pc Honey Garlic Sriracha Crispy Boneless Wings Combo,$9.36
Jack in the Box (337 G St.),6pc Honey Garlic Sriracha Crispy Boneless Wings,$8.74
Jack in the Box (337 G St.),6pc Classic Crispy Boneless Wings Combo,$9.36
Jack in the Box (337 G St.),6pc Classic Crispy Boneless Wings,$8.74
Jack in the Box (337 G St.),6pc Banana French Toast Sticks Combo,$8.88
Jack in the Box (337 G St.),6PC Banana French Toast Sticks,$8.11
Jack in the Box (337 G St.),3PC Banana French Toast Sticks Platter w/ Bacon & Sausage Combo,$10.63
Jack in the Box (337 G St.),3PC Banana French Toast Sticks Platter w/ Bacon & Sausage,$9.49
Jack in the Box (337 G St.),3PC Banana French Toast Sticks Platter w/ Bacon,$8.99
Jack in the Box (337 G St.),3PC Banana French Toast Sticks Platter w/ Sausage Combo,$10.13
Jack in the Box (337 G St.),3PC Banana French Toast Sticks Platter w/ Sausage,$8.99
Jack in the Box (337 G St.),Fish Sandwich Combo,$4.74
Jack in the Box (337 G St.),Fish Sandwich,$4.11
Jack in the Box (337 G St.),Oreo® Mint Shake,$8.49
Jack in the Box (337 G St.),Jumbo Meal Deal,$21.24
Jack in the Box (337 G St.),Bacon & Swiss Buttery Smashed Jack™ Combo,$14.99
Jack in the Box (337 G St.),Buttery Smashed Jack™ Combo,$13.74
Jack in the Box (337 G St.),Bacon Double Smashed Jack™ Combo,$15.61
Jack in the Box (337 G St.),Classic Smashed Jack™ Combo,$12.61
Jack in the Box (337 G St.),Bacon Ultimate Cheeseburger™ Combo,$13.74
Jack in the Box (337 G St.),Ultimate Cheeseburger™ Combo,$12.86
Jack in the Box (337 G St.),Double Jack® Combo,$12.86
Jack in the Box (337 G St.),Sourdough Jack® Combo,$12.24
Jack in the Box (337 G St.),Jumbo Jack® Cheeseburger Combo,$10.61
Jack in the Box (337 G St.),Jumbo Jack® Combo,$9.99
Jack in the Box (337 G St.),Homestyle Ranch Chicken Club Combo,$13.61
Jack in the Box (337 G St.),Jack's Spicy Chicken® w/ Cheese Combo,$12.74
Jack in the Box (337 G St.),Jack's Spicy Chicken® Combo,$12.24
Jack in the Box (337 G St.),Cluck Sandwich Combo,$12.24
Jack in the Box (337 G St.),Grilled Chicken Sandwich Combo,$12.86
Jack in the Box (337 G St.),5pc Crispy Chicken Strips Combo,$14.74
Jack in the Box (337 G St.),3pc Crispy Chicken Strips Combo,$12.24
Jack in the Box (337 G St.),8pc Chicken Nuggets Combo,$8.74
Jack in the Box (337 G St.),Chicken Teriyaki Bowl w/ Brown Rice Combo,$11.88
Jack in the Box (337 G St.),6pc Classic French Toast Sticks Combo,$8.88
Jack in the Box (337 G St.),3PC French Toast Sticks Platter w/ Bacon & Sausage Combo,$10.63
Jack in the Box (337 G St.),3PC French Toast Sticks Platter w/ Bacon Combo,$10.13
Jack in the Box (337 G St.),3PC French Toast Sticks Platter w/ Sausage Combo,$10.13
Jack in the Box (337 G St.),Grande Sausage Burrito Combo,$10.25
Jack in the Box (337 G St.),Supreme Croissant Combo,$9.13
Jack in the Box (337 G St.),Sausage Croissant Combo,$9.00
Jack in the Box (337 G St.),Supreme Sourdough Breakfast Sandwich Combo,$8.38
Jack in the Box (337 G St.),Meat Lovers Burrito Combo,$10.25
Jack in the Box (337 G St.),Loaded Breakfast Sandwich Combo,$10.38
Jack in the Box (337 G St.),Extreme Sausage® Sandwich Combo,$9.13
Jack in the Box (337 G St.),Ultimate Breakfast Sandwich Combo,$10.13
Jack in the Box (337 G St.),Sausage Breakfast Jack® Combo,$6.38
Jack in the Box (337 G St.),Breakfast Jack® Combo,$5.88
Jack in the Box (337 G St.),Build Your Own Munchie Meal,$10.89
Jack in the Box (337 G St.),Sauced & Loaded Tiny Tacos,$6.25
Jack in the Box (337 G St.),Classic Tiny Tacos,$5.00
Jack in the Box (337 G St.),(2) Tacos,$2.49
Jack in the Box (337 G St.),Classic Crispy Jack Wrap,$4.11
Jack in the Box (337 G St.),Stuffed Jalapenos (7),$8.11
Jack in the Box (337 G St.),Stuffed Jalapenos (3),$5.49
Jack in the Box (337 G St.),Curly Fries,$5.74
Jack in the Box (337 G St.),French Fries,$5.24
Jack in the Box (337 G St.),Jumbo Egg Rolls (3),$8.11
Jack in the Box (337 G St.),Jumbo Egg Roll (1),$4.49
Jack in the Box (337 G St.),Oreo® Shake,Priced by add-ons
Jack in the Box (337 G St.),Vanilla Shake,Priced by add-ons
Jack in the Box (337 G St.),Chocolate Shake,Priced by add-ons
Jack in the Box (337 G St.),Mini Churros (5),$4.24
Jack in the Box (337 G St.),Cheesecake,$4.74
Jack in the Box (337 G St.),Chocolate Overload™ Cake,$4.74
Jack in the Box (337 G St.),Coca-Cola®,Priced by add-ons
Jack in the Box (337 G St.),Coca-Cola® Zero Sugar,Priced by add-ons
Jack in the Box (337 G St.),Diet Coke®,Priced by add-ons
Jack in the Box (337 G St.),Sprite®,Priced by add-ons
Jack in the Box (337 G St.),Fanta®,Priced by add-ons
Jack in the Box (337 G St.),Dr Pepper®,Priced by add-ons
Jack in the Box (337 G St.),Diet Dr Pepper®,Priced by add-ons
Jack in the Box (337 G St.),Barq's® Root Beer,Priced by add-ons
Jack in the Box (337 G St.),Peace Tea®,Priced by add-ons
Jack in the Box (337 G St.),Peace Tea® Zero Sugar,Priced by add-ons
Jack in the Box (337 G St.),Strawberry Red Daze Red Bull® Infusion,$6.86
Jack in the Box (337 G St.),Berry Purple Daze Red Bull® Infusion,$6.86
Jack in the Box (337 G St.),Red Bull® Energy Can,$4.36
Jack in the Box (337 G St.),Mocha Sweet Cream Iced Coffee,Priced by add-ons
Jack in the Box (337 G St.),Caramel Sweet Cream Iced Coffee,Priced by add-ons
Jack in the Box (337 G St.),High Mountain Arabica Coffee,$3.36
Jack in the Box (337 G St.),Minute Maid® Apple Juice,$2.99
Jack in the Box (337 G St.),Simply Orange®,$4.74
Jack in the Box (337 G St.),Dasani® Bottled Water,$3.74
Jack in the Box (337 G St.),Milk,$3.99
Jack in the Box (337 G St.),Bacon & Swiss Buttery Smashed Jack™,$12.49
Jack in the Box (337 G St.),Buttery Smashed Jack™,$11.24
Jack in the Box (337 G St.),Bacon Double Smashed Jack™,$13.74
Jack in the Box (337 G St.),Classic Smashed Jack™,$11.24
Jack in the Box (337 G St.),Bacon Ultimate Cheeseburger™,$11.24
Jack in the Box (337 G St.),Ultimate Cheeseburger™,$10.49
Jack in the Box (337 G St.),Double Jack®,$10.49
Jack in the Box (337 G St.),Sourdough Jack®,$9.99
Jack in the Box (337 G St.),Jumbo Jack® Cheeseburger,$8.11
Jack in the Box (337 G St.),Jumbo Jack®,$7.49
Jack in the Box (337 G St.),Jr. Jumbo Jack® Cheeseburger,$4.24
Jack in the Box (337 G St.),Homestyle Ranch Chicken Club,$11.61
Jack in the Box (337 G St.),Jack's Spicy Chicken® w/ Cheese,$10.36
Jack in the Box (337 G St.),Jack's Spicy Chicken®,$9.99
Jack in the Box (337 G St.),Cluck Sandwich,$9.86
Jack in the Box (337 G St.),Grilled Chicken Sandwich,$10.36
Jack in the Box (337 G St.),5pc Crispy Chicken Strips,$12.36
Jack in the Box (337 G St.),3pc Crispy Chicken Strips,$9.86
Jack in the Box (337 G St.),8pc Chicken Nuggets,$6.49
Jack in the Box (337 G St.),Chicken Teriyaki Bowl,$10.49
Jack in the Box (337 G St.),Chicken Teriyaki Bowl w/ Brown Rice,$10.49
Jack in the Box (337 G St.),6PC Classic French Toast Sticks,$8.11
Jack in the Box (337 G St.),Grande Sausage Burrito,$8.74
Jack in the Box (337 G St.),Supreme Croissant,$7.74
Jack in the Box (337 G St.),Sausage Croissant,$7.49
Jack in the Box (337 G St.),Supreme Sourdough Breakfast Sandwich,$8.11
Jack in the Box (337 G St.),Meat Lovers Breakfast Burrito,$8.74
Jack in the Box (337 G St.),Loaded Breakfast Sandwich,$8.74
Jack in the Box (337 G St.),Extreme Sausage® Sandwich,$7.99
Jack in the Box (337 G St.),Ultimate Breakfast Sandwich,$8.49
Jack in the Box (337 G St.),Breakfast Jack®,$4.36
Jack in the Box (337 G St.),Sausage Breakfast Jack®,$4.86
Jack in the Box (337 G St.),Hash Brown,$3.74
Jack in the Box (337 G St.),Garden Salad w/ Grilled Chicken Combo,$12.99
Jack in the Box (337 G St.),Garden Salad w/ Crispy Chicken Combo,$12.99
Jack in the Box (337 G St.),Southwest Salad w/ Grilled Chicken Combo,$13.36
Jack in the Box (337 G St.),Southwest Salad w/ Crispy Chicken Combo,$13.36
Local Kitchens - Davis,The SOB Combo,$18.05
Local Kitchens - Davis,The Hot SOB Combo,$18.05
Local Kitchens - Davis,The Bacon SOB Combo,$21.65
Local Kitchens - Davis,The Overachieving SOB Combo,$24.05
Local Kitchens - Davis,Griddled Mortadella Combo,$18.05
Local Kitchens - Davis,Italian Chopped Salad Combo,$18.05
Local Kitchens - Davis,Italian Turkaletta Combo,$18.05
Local Kitchens - Davis,Turkey BLTA Combo,$18.05
Local Kitchens - Davis,Koi Palace Full Menu Combo,$43.25
Local Kitchens - Davis,Koi Palace Sampler,$24.05
Local Kitchens - Davis,Black Garlic Cauliflower,$9.65
Local Kitchens - Davis,Hummus,$12.05
Local Kitchens - Davis,Jumbo Tenders,$14.45
Local Kitchens - Davis,Buffalo Wings,$18.05
Local Kitchens - Davis,Quesabirria Dipping Taco (2pc),$13.25
Local Kitchens - Davis,Steamed BBQ Pork Buns,$9.65
Local Kitchens - Davis,Crispy Shrimp Dumplings,$12.05
Local Kitchens - Davis,Potstickers,$12.05
Local Kitchens - Davis,Vegetarian Spring Rolls,$8.45
Local Kitchens - Davis,Vietnamese Egg Rolls,$12.05
Local Kitchens - Davis,Woozy Fries,$11.95
Local Kitchens - Davis,Proper Fries,$15.65
Local Kitchens - Davis,Grilled Chicken Bowl,$15.65
Local Kitchens - Davis,Birria Beef Bowl,$16.85
Local Kitchens - Davis,Roasted Cauliflower Bowl,$14.45
Local Kitchens - Davis,Zesty Nopalito Chopped Salad,$14.45
Local Kitchens - Davis,Italian Chopped Salad,$14.75
Local Kitchens - Davis,Tamarind Jackfruit Salad,$14.45
Local Kitchens - Davis,The SOB,$12.05
Local Kitchens - Davis,The Hot SOB,$13.25
Local Kitchens - Davis,The Bacon SOB,$15.65
Local Kitchens - Davis,The Overachieving SOB,$16.85
Local Kitchens - Davis,Grilled Cheese,$8.45
Local Kitchens - Davis,1/4 Bird | Boneless,$15.65
Local Kitchens - Davis,The Sammich,$15.65
Local Kitchens - Davis,Amba Chicken Pita,$15.65
Local Kitchens - Davis,Green Falafel Pita,$14.45
Local Kitchens - Davis,Griddled Mortadella,$16.15
Local Kitchens - Davis,Italian Turkaletta,$16.15
Local Kitchens - Davis,Turkey BLTA,$17.35
Local Kitchens - Davis,Birria Beef Burrito,$18.05
Local Kitchens - Davis,Grilled Chicken Burrito,$16.85
Local Kitchens - Davis,Roasted Cauliflower Burrito,$15.65
Local Kitchens - Davis,The Broke Chick Tam,$16.85
Local Kitchens - Davis,The Rich Pork Belly Tam,$19.25
Local Kitchens - Davis,Spicy Pork Belly Fried Rice,$18.05
Local Kitchens - Davis,Amba Chicken Rice Plate,$18.05
Local Kitchens - Davis,Amba Chicken Hummus Plate,$20.45
Local Kitchens - Davis,Green Falafel Rice Plate,$16.85
Local Kitchens - Davis,Green Falafel Hummus Plate,$19.25
Local Kitchens - Davis,Regular Square,$22.85
Local Kitchens - Davis,How Mush-Room,$28.85
Local Kitchens - Davis,The 6x8,$30.05
Local Kitchens - Davis,Mush-o-Roni,$31.25
Local Kitchens - Davis,The Big Von,$31.25
Local Kitchens - Davis,Fries,$4.85
Local Kitchens - Davis,Garlic Fries,$8.45
Local Kitchens - Davis,Crinkle Cut Fries,$6.05
Local Kitchens - Davis,Pickled Slaw (8oz),$4.85
Local Kitchens - Davis,Pickles (8oz),$3.65
Local Kitchens - Davis,Chips and Guacamole,$10.85
Local Kitchens - Davis,Chips and Salsa,$7.25
Local Kitchens - Davis,Mexican Rice,$3.65
Local Kitchens - Davis,Fragrant Broken Rice,$3.65
Local Kitchens - Davis,Vietnamese Pork & Egg Quiche,$3.65
Local Kitchens - Davis,Green Falafel,$7.25
Local Kitchens - Davis,Pita Bread,$2.45
Local Kitchens - Davis,Dirty Salt & Vinegar Potato Chips,$3.05
Local Kitchens - Davis,Molasses Chocolate Chunk Cookie,$3.65
Local Kitchens - Davis,Lava Buns,$9.65
Local Kitchens - Davis,Compost Cookie,$4.85
Local Kitchens - Davis,Confetti Cookie,$4.85
Local Kitchens - Davis,Cornflake Chocolate Chip Marshmallow Cookie,$4.85
Local Kitchens - Davis,Milk Bar Pie Slice,$9.65
Local Kitchens - Davis,Malted Milk Chocolate Ice Cream,$13.25
Local Kitchens - Davis,Vietnamese Coffee Ice Cream,$13.25
Local Kitchens - Davis,Classic Black,$6.75
Local Kitchens - Davis,Jasmine Green,$6.75
Local Kitchens - Davis,Matcha Latte,$7.35
Local Kitchens - Davis,Strawberry Matcha Latte,$7.95
Local Kitchens - Davis,Strawberry Fields,$7.35
Local Kitchens - Davis,Strawberry Jasmine Fresca,$6.75
Local Kitchens - Davis,Hong Kong Milk Tea,$6.75
Local Kitchens - Davis,Thai Tea,$6.75
Local Kitchens - Davis,Coke Can,$3.65
Local Kitchens - Davis,Diet Coke Can,$3.65
Local Kitchens - Davis,Sprite Can,$3.65
Local Kitchens - Davis,Mexican Coke,$4.85
Local Kitchens - Davis,Olipop Classic Root Beer,$4.85
Local Kitchens - Davis,Olipop Strawberry Vanilla,$4.85
Local Kitchens - Davis,Lacroix Grapefruit Sparkling Water,$3.05
Local Kitchens - Davis,Lacroix Lime Sparkling Water,$3.05
Local Kitchens - Davis,LIFEWTR Bottled Water,$3.65
Local Kitchens - Davis,SOB Sauce,$0.65
Local Kitchens - Davis,Garlic Aioli,$0.65
Local Kitchens - Davis,Hickory Sauce,$0.65
Local Kitchens - Davis,Green S’chug,$1.25
Local Kitchens - Davis,Amba Aioli,$1.25
Local Kitchens - Davis,Black Garlic Aioli,$1.25
Local Kitchens - Davis,Lemon Tahini,$1.25
Local Kitchens - Davis,Mike's Hot Honey,$1.55
Local Kitchens - Davis,SPG Ranch,$1.55
Local Kitchens - Davis,SPG Sauce,$1.55
Local Kitchens - Davis,Sweet Fish Sauce,$1.25
Local Kitchens - Davis,Scallion Oil,$1.25
Local Kitchens - Davis,Saigon Sambal,$1.25
Local Kitchens - Davis,Tway Ploy,$1.25
Local Kitchens - Davis,Herb Mayo,$0.95
Local Kitchens - Davis,Tay's Hot Mustard,$0.95
Local Kitchens - Davis,Spicy Russian Dressing,$0.95
Local Kitchens - Davis,Condiments,Priced by add-ons
Local Kitchens - Davis,Utensils,Priced by add-ons
Wingstop (408 G ST),Flavor Feast,$28.79
Wingstop (408 G ST),Boneless Meal Deal,$21.89
Wingstop (408 G ST),6 pc Wing Combo,$16.09
Wingstop (408 G ST),8 pc Wing Combo,$17.29
Wingstop (408 G ST),10 pc Wing Combo,$19.59
Wingstop (408 G ST),15 pc Meal for 2,$32.19
Wingstop (408 G ST),30 pc Crew Pack,$50.59
Wingstop (408 G ST),40 pc Group Pack,$58.69
Wingstop (408 G ST),50 pc Party Pack,$72.49
Wingstop (408 G ST),75 pc Pack,$103.49
Wingstop (408 G ST),100 pc Pack,$132.29
Wingstop (408 G ST),NEW! 3 pc Crispy Tender Combo,$11.49
Wingstop (408 G ST),NEW! 5 pc Crispy Tender Combo,$14.99
Wingstop (408 G ST),NEW! 6 pc Crispy Tender Meal for 2,$17.29
Wingstop (408 G ST),Chicken Sandwich Combo,$10.39
Wingstop (408 G ST),Chicken Sandwich,$6.89
Wingstop (408 G ST),10 Wings,$9.29
Wingstop (408 G ST),15 Wings,$13.89
Wingstop (408 G ST),20 Wings,$18.49
Wingstop (408 G ST),30 Wings,$27.69
Wingstop (408 G ST),50 Wings,$46.09
Wingstop (408 G ST),75 Wings,$69.09
Wingstop (408 G ST),100 Wings,$92.09
Wingstop (408 G ST),4 Crispy Tenders,$12.69
Wingstop (408 G ST),7 Crispy Tenders,$17.29
Wingstop (408 G ST),15 Crispy Tenders,$33.39
Wingstop (408 G ST),20 Crispy Tenders,$41.99
Wingstop (408 G ST),30 Crispy Tenders,$57.49
Wingstop (408 G ST),Seasoned Fries,$5.29
Wingstop (408 G ST),Cheese Fries,$5.79
Wingstop (408 G ST),Louisiana Voodoo Fries,$6.89
Wingstop (408 G ST),Buffalo Ranch Fries,$6.89
Wingstop (408 G ST),Cajun Fried Corn,$5.29
Wingstop (408 G ST),Veggie Sticks,$3.49
Wingstop (408 G ST),Ranch,$2.89
Wingstop (408 G ST),Bleu Cheese,$2.89
Wingstop (408 G ST),Honey Mustard,$2.89
Wingstop (408 G ST),Cheese Sauce,$2.89
Wingstop (408 G ST),Side of Flavor,$2.89
Wingstop (408 G ST),Soft Drinks,$4.09
Wingstop (408 G ST),52 oz Simply Lemonade®,$6.69
Wingstop (408 G ST),Dasani Bottled Water®,$4.09
Wingstop (408 G ST),Triple Chocolate Chunk Brownie,$4.09
Wingstop (408 G ST),Utensils & Condiments,Priced by add-ons
Blaze Pizza (212 F Street),Feed The Family 5,$53.00
Blaze Pizza (212 F Street),Green Goddess Chop Salad – Side,$8.53
Blaze Pizza (212 F Street),Green Goddess Chop Salad – Entrée,$13.41
Blaze Pizza (212 F Street),Spicy & Fresh Duo,$21.99
Blaze Pizza (212 F Street),Build Your Own Pizza (11-inch),$17.68
Blaze Pizza (212 F Street),Simple Pie (11-inch),$12.19
Blaze Pizza (212 F Street),2 Top Pizza (11-inch),$15.24
Blaze Pizza (212 F Street),1 Top Pizza (11-inch),$13.41
Blaze Pizza (212 F Street),Vegan Pizza (11-inch),$19.95
Blaze Pizza (212 F Street),Vegetarian Pizza (11-inch),$21.95
Blaze Pizza (212 F Street),Spicy Hot Chicken Pickle Pizza (11-inch),$17.68
Blaze Pizza (212 F Street),Spicy Pepperoni Pizza,$17.68
Blaze Pizza (212 F Street),Carnivore (11-inch),$17.68
Blaze Pizza (212 F Street),Meatball Pie (11-inch),$17.68
Blaze Pizza (212 F Street),Blazed BBQ (11-inch),$17.68
Blaze Pizza (212 F Street),Four Cheese (11-inch),$17.68
Blaze Pizza (212 F Street),Herbivore (11-inch),$17.68
Blaze Pizza (212 F Street),Pepperoni Fast Fire'd Fold,$11.99
Blaze Pizza (212 F Street),Fast Fire'd Meatballs,$9.19
Blaze Pizza (212 F Street),Spicy & Fresh Duo,$21.99
Blaze Pizza (212 F Street),Feed The Family 5,$53.00
Blaze Pizza (212 F Street),Cheesy Bread Bundle,$28.49
Blaze Pizza (212 F Street),One Large 1-Top Pizza,$18.99
Blaze Pizza (212 F Street),Two Large 2-Top Pizzas,$33.49
Blaze Pizza (212 F Street),Build Your Own Half 11-inch Pizza + choice of side,$17.68
Blaze Pizza (212 F Street),Cheesy Bread + choice of side,$17.68
Blaze Pizza (212 F Street),Pesto Garlic Cheesy Bread + choice of side,$17.68
Blaze Pizza (212 F Street),Side of Meatballs + choice of Side,$17.68
Blaze Pizza (212 F Street),Spicy Pepperoni Pizza Half 11-inch Pizza + choice of side,$17.68
Blaze Pizza (212 F Street),Carnivore Half 11-inch Pizza + choice of side,$17.68
Blaze Pizza (212 F Street),Meatball Pie Half 11-inch Pizza + choice of side,$17.68
Blaze Pizza (212 F Street),Blazed BBQ Half 11-inch Pizza + choice of side,$17.68
Blaze Pizza (212 F Street),Four Cheese Half 11-inch Pizza + choice of side,$17.68
Blaze Pizza (212 F Street),Herbivore Half 11-inch Pizza + choice of side,$17.68
Blaze Pizza (212 F Street),Build Your Own Pizza (Large),$28.61
Blaze Pizza (212 F Street),Simple Pie (Large),$17.68
Blaze Pizza (212 F Street),1 Top Pizza (Large),$21.34
Blaze Pizza (212 F Street),3 Top Pizza (Large),$25.00
Blaze Pizza (212 F Street),2 Top Pizza (Large),$22.56
Blaze Pizza (212 F Street),Spicy Hot Chicken Pickle Pizza (Large),$28.61
Blaze Pizza (212 F Street),Spicy Pepperoni Pizza (Large),$28.61
Blaze Pizza (212 F Street),Carnivore (Large),$28.61
Blaze Pizza (212 F Street),Meatball Pie (Large),$28.61
Blaze Pizza (212 F Street),Blazed BBQ (Large),$28.61
Blaze Pizza (212 F Street),Four Cheese (Large),$28.61
Blaze Pizza (212 F Street),Herbivore (Large),$28.61
Blaze Pizza (212 F Street),Pesto Garlic Cheesy Bread,$4.87
Blaze Pizza (212 F Street),Cheesy Bread,$9.75
Blaze Pizza (212 F Street),BYO Salad - Side,$9.75
Blaze Pizza (212 F Street),BYO Salad - Entree,$14.63
Blaze Pizza (212 F Street),Green Goddess Chop Salad – Side,$8.53
Blaze Pizza (212 F Street),Green Goddess Chop Salad – Entrée,$13.41
Blaze Pizza (212 F Street),Side Salad,$8.53
Blaze Pizza (212 F Street),Entrée Salad,$13.41
Blaze Pizza (212 F Street),Chocolate Brownie,$4.87
Blaze Pizza (212 F Street),S'more Pie,$4.87
Blaze Pizza (212 F Street),Chocolate Chip Cookie,$4.87
Blaze Pizza (212 F Street),Cinnamon Bread,$5.99
Blaze Pizza (212 F Street),Mexican Coke,$5.48
Blaze Pizza (212 F Street),Coke Bottle (20oz/591ml),$4.62
Blaze Pizza (212 F Street),Diet Coke Bottle (20oz/591ml),$3.99
Blaze Pizza (212 F Street),Mexican Fanta,$3.79
Blaze Pizza (212 F Street),Sprite Bottle (20oz/591ml),$4.62
Blaze Pizza (212 F Street),San Pellegrino,$4.62
Blaze Pizza (212 F Street),Bottled Water,$4.26
Blaze Pizza (212 F Street),HONEST JUICE,$3.65
Blaze Pizza (212 F Street),Sweet Hot Honey Cup,$0.00
Blaze Pizza (212 F Street),Buttermilk Ranch Cup,$0.49
Blaze Pizza (212 F Street),Balsamic Glaze Cup,$0.49
Blaze Pizza (212 F Street),Pesto Cup,$0.49
Blaze Pizza (212 F Street),Frank's Red Hot Sauce Cup,$0.49
Blaze Pizza (212 F Street),Olive Oil Cup,$0.49
Blaze Pizza (212 F Street),BBQ Sauce Cup,$0.49
Blaze Pizza (212 F Street),Icing Cup,$0.00
Blaze Pizza (212 F Street),Secret Sauce Cup,$0.00
Blaze Pizza (212 F Street),Green Goddess Cup,$0.49
Blaze Pizza (212 F Street),Caesar Dressing Cup,$0.49
Blaze Pizza (212 F Street),Red Pepper Flakes,$0.00
Blaze Pizza (212 F Street),Parmesan,$0.00
Blaze Pizza (212 F Street),Napkins,$0.00
Blaze Pizza (212 F Street),Utensils,$0.00
